date,period,platform,rank,title
2026-05-07,일간,전체,1,넷플릭스
2026-05-07,일간,전체,2,티빙
2026-05-07,일간,전체,3,쿠팡플레이
2026-05-07,일간,전체,4,웨이브
2026-05-07,일간,전체,5,디즈니+
2026-05-07,일간,전체,6,왓챠
2026-05-07,일간,전체,7,박스오피스
2026-05-07,일간,전체,8,허수아비
2026-05-07,일간,전체,9,기리고
2026-05-07,일간,전체,10,영화관
2026-05-07,일간,전체,11,살목지
2026-05-07,일간,전체,12,골드랜드
2026-05-07,일간,전체,13,왕과 사는 남자
2026-05-07,일간,전체,14,은밀한 감사
2026-05-07,일간,전체,15,21세기 대군부인
2026-05-07,일간,전체,16,악마는 프라다를 입는다 2
2026-05-07,일간,전체,17,모두가 자신의 무가치함과 싸우고 있다
2026-05-07,일간,전체,18,짱구
2026-05-07,일간,전체,19,히든싱어8
2026-05-07,일간,전체,20,오늘도 매진했습니다
2026-05-07,일간,전체,21,프로젝트 헤일메리
2026-05-07,일간,전체,22,슈퍼 마리오 갤럭시
2026-05-07,일간,전체,23,하트시그널5
2026-05-07,일간,전체,24,지옥에 떨어집니다
2026-05-07,일간,전체,25,닥터신
2026-05-07,일간,전체,26,신이랑 법률사무소
2026-05-07,일간,전체,27,선재 업고 튀어
2026-05-07,일간,전체,28,란 12.3
2026-05-07,일간,전체,29,약한영웅 Class 1
2026-05-07,일간,전체,30,유미의 세포들 시즌 3
2026-05-07,일간,전체,31,유미의 세포들 시즌 2
2026-05-07,일간,전체,32,범죄도시
2026-05-07,일간,전체,33,악마는 프라다를 입는다
2026-05-07,일간,전체,34,원더풀스
2026-05-07,일간,전체,35,사냥개들 2
2026-05-07,일간,전체,36,올 그린스
2026-05-07,일간,전체,37,비스트
2026-05-07,일간,전체,38,만약에 우리
2026-05-07,일간,전체,39,메이드 인 코리아
2026-05-07,일간,전체,40,바람
2026-05-07,일간,전체,41,나의 해리에게
2026-05-07,일간,전체,42,매직키드 마수리
2026-05-07,일간,전체,43,폭싹 속았수다
2026-05-07,일간,전체,44,메소드연기
2026-05-07,일간,전체,45,옥을 찾아서
2026-05-07,일간,전체,46,사냥개들
2026-05-07,일간,전체,47,하우스메이드
2026-05-07,일간,전체,48,정점
2026-05-07,일간,전체,49,맨 온 파이어
2026-05-07,일간,전체,50,모탈 컴뱃
2026-05-07,일간,전체,51,NEW
2026-05-07,일간,전체,52,아노라
2026-05-07,일간,전체,53,베팅 온 팩트
2026-05-07,일간,전체,54,범죄도시4
2026-05-07,일간,전체,55,연애기숙학교 돌싱N모솔
2026-05-07,일간,전체,56,호퍼스
2026-05-07,일간,전체,57,슈퍼 마리오 브라더스
2026-05-07,일간,전체,58,소녀심판
2026-05-07,일간,전체,59,약한영웅 Class 2
2026-05-07,일간,전체,60,히든 페이스
2026-05-07,일간,전체,61,신의 악단
2026-05-07,일간,전체,62,스마일 2
2026-05-07,일간,전체,63,마스크걸
2026-05-07,일간,전체,64,천국의 아이들
2026-05-07,일간,전체,65,더 보이즈 시즌 5
2026-05-07,일간,전체,66,영화는 영화다
2026-05-07,일간,전체,67,유미의 세포들 시즌 1
2026-05-07,일간,전체,68,입청운
2026-05-07,일간,전체,69,내 딸 꽃님이
2026-05-07,일간,전체,70,소울
2026-05-07,일간,전체,71,뻐꾸기도 밤에 우는가
2026-05-07,일간,전체,72,사랑이라 말해요
2026-05-07,일간,전체,73,동화지만 청불입니다
2026-05-07,일간,전체,74,스마일
2026-05-07,일간,전체,75,기생춘
2026-05-07,일간,전체,76,노 머시: 90분
2026-05-07,일간,전체,77,폭스캐처
2026-05-07,일간,전체,78,골드 디거
2026-05-07,일간,전체,79,소울메이트
2026-05-07,일간,전체,80,8년을 뛰어넘은 신부
2026-05-07,일간,전체,81,넥스트
2026-05-07,일간,전체,82,월린기기
2026-05-07,일간,전체,83,올빼미
2026-05-07,일간,전체,84,스테이션 에이전트
2026-05-07,일간,전체,85,영안여몽
2026-05-07,일간,전체,86,도화년
2026-05-07,일간,전체,87,뒤바뀐 친구들의 신비한 모험
2026-05-07,일간,전체,88,데이 오브 더 자칼
2026-05-07,일간,전체,89,8번 출구
2026-05-07,일간,전체,90,꽃보다 처녀귀신
2026-05-07,일간,전체,91,저격호접
2026-05-07,일간,전체,92,내사랑 금지옥엽
2026-05-07,일간,전체,93,역무지성
2026-05-07,일간,전체,94,일소수가
2026-05-07,일간,전체,95,메가마인드
2026-05-07,일간,전체,96,장해전
2026-05-07,일간,전체,97,리처 시즌 1
2026-05-07,일간,전체,98,호프 스프링즈
2026-05-07,일간,전체,99,인간중독
2026-05-07,일간,전체,100,디아볼릭
2026-05-07,주간,전체,1,넷플릭스
2026-05-07,주간,전체,2,티빙
2026-05-07,주간,전체,3,쿠팡플레이
2026-05-07,주간,전체,4,웨이브
2026-05-07,주간,전체,5,디즈니+
2026-05-07,주간,전체,6,왓챠
2026-05-07,주간,전체,7,박스오피스
2026-05-07,주간,전체,8,기리고
2026-05-07,주간,전체,9,21세기 대군부인
2026-05-07,주간,전체,10,영화관
2026-05-07,주간,전체,11,살목지
2026-05-07,주간,전체,12,왕과 사는 남자
2026-05-07,주간,전체,13,허수아비
2026-05-07,주간,전체,14,은밀한 감사
2026-05-07,주간,전체,15,악마는 프라다를 입는다 2
2026-05-07,주간,전체,16,짱구
2026-05-07,주간,전체,17,신이랑 법률사무소
2026-05-07,주간,전체,18,골드랜드
2026-05-07,주간,전체,19,모두가 자신의 무가치함과 싸우고 있다
2026-05-07,주간,전체,20,프로젝트 헤일메리
2026-05-07,주간,전체,21,NEW
2026-05-07,주간,전체,22,슈퍼 마리오 갤럭시
2026-05-07,주간,전체,23,닥터신
2026-05-07,주간,전체,24,오늘도 매진했습니다
2026-05-07,주간,전체,25,히든싱어8
2026-05-07,주간,전체,26,란 12.3
2026-05-07,주간,전체,27,내 새끼의 연애2
2026-05-07,주간,전체,28,하트시그널5
2026-05-07,주간,전체,29,지옥에 떨어집니다
2026-05-07,주간,전체,30,악마는 프라다를 입는다
2026-05-07,주간,전체,31,리버스
2026-05-07,주간,전체,32,구기동 프렌즈
2026-05-07,주간,전체,33,내 이름은
2026-05-07,주간,전체,34,바람
2026-05-07,주간,전체,35,사냥개들 2
2026-05-07,주간,전체,36,선재 업고 튀어
2026-05-07,주간,전체,37,프로젝트 Y
2026-05-07,주간,전체,38,정점
2026-05-07,주간,전체,39,휴민트
2026-05-07,주간,전체,40,28년 후: 뼈의 사원
2026-05-07,주간,전체,41,리 크로닌의 미이라
2026-05-07,주간,전체,42,나의 해리에게
2026-05-07,주간,전체,43,약한영웅 Class 1
2026-05-07,주간,전체,44,메이드 인 코리아
2026-05-07,주간,전체,45,유미의 세포들 시즌 3
2026-05-07,주간,전체,46,사냥개들
2026-05-07,주간,전체,47,만약에 우리
2026-05-07,주간,전체,48,폭싹 속았수다
2026-05-07,주간,전체,49,클라이맥스
2026-05-07,주간,전체,50,옥을 찾아서
2026-05-07,주간,전체,51,하우스메이드
2026-05-07,주간,전체,52,원더풀스
2026-05-07,주간,전체,53,호퍼스
2026-05-07,주간,전체,54,은중과 상연
2026-05-07,주간,전체,55,끝장수사
2026-05-07,주간,전체,56,베팅 온 팩트
2026-05-07,주간,전체,57,세계의 주인
2026-05-07,주간,전체,58,유미의 세포들 시즌 2
2026-05-07,주간,전체,59,슈퍼 마리오 브라더스
2026-05-07,주간,전체,60,포풍추영
2026-05-07,주간,전체,61,무빙
2026-05-07,주간,전체,62,얼어죽을 연애따위
2026-05-07,주간,전체,63,SNL 코리아 시즌 8
2026-05-07,주간,전체,64,아바타: 불과 재
2026-05-07,주간,전체,65,당신이 죽였다
2026-05-07,주간,전체,66,최종병기 앨리스
2026-05-07,주간,전체,67,범죄도시
2026-05-07,주간,전체,68,비스트
2026-05-07,주간,전체,69,노트북
2026-05-07,주간,전체,70,28년 후
2026-05-07,주간,전체,71,맨 온 파이어
2026-05-07,주간,전체,72,소녀심판
2026-05-07,주간,전체,73,히든 페이스
2026-05-07,주간,전체,74,신의 악단
2026-05-07,주간,전체,75,이토록 친밀한 배신자
2026-05-07,주간,전체,76,순수의 시대
2026-05-07,주간,전체,77,퍼스트 라이드
2026-05-07,주간,전체,78,마스크걸
2026-05-07,주간,전체,79,매직키드 마수리
2026-05-07,주간,전체,80,메소드연기
2026-05-07,주간,전체,81,오디세이
2026-05-07,주간,전체,82,내 딸 꽃님이
2026-05-07,주간,전체,83,멜로무비
2026-05-07,주간,전체,84,노 머시: 90분
2026-05-07,주간,전체,85,구룡성채: 무법지대
2026-05-07,주간,전체,86,비정성시
2026-05-07,주간,전체,87,운명전쟁49
2026-05-07,주간,전체,88,럭키 원
2026-05-07,주간,전체,89,입청운
2026-05-07,주간,전체,90,곡성
2026-05-07,주간,전체,91,구세주: 리턴즈
2026-05-07,주간,전체,92,사토상과 사토상
2026-05-07,주간,전체,93,로맨스의 절댓값
2026-05-07,주간,전체,94,F1 더 무비
2026-05-07,주간,전체,95,레지던트 에이리언 시즌 1
2026-05-07,주간,전체,96,동화지만 청불입니다
2026-05-07,주간,전체,97,성난 사람들
2026-05-07,주간,전체,98,영안여몽
2026-05-07,주간,전체,99,더 보이즈 시즌 5
2026-05-07,주간,전체,100,데이 윌 킬 유
2026-05-07,월간,전체,1,넷플릭스
2026-05-07,월간,전체,2,티빙
2026-05-07,월간,전체,3,쿠팡플레이
2026-05-07,월간,전체,4,웨이브
2026-05-07,월간,전체,5,디즈니+
2026-05-07,월간,전체,6,왓챠
2026-05-07,월간,전체,7,박스오피스
2026-05-07,월간,전체,8,NEW
2026-05-07,월간,전체,9,허수아비
2026-05-07,월간,전체,10,영화관
2026-05-07,월간,전체,11,살목지
2026-05-07,월간,전체,12,21세기 대군부인
2026-05-07,월간,전체,13,왕과 사는 남자
2026-05-07,월간,전체,14,모두가 자신의 무가치함과 싸우고 있다
2026-05-07,월간,전체,15,닥터신
2026-05-07,월간,전체,16,프로젝트 헤일메리
2026-05-07,월간,전체,17,프로젝트 Y
2026-05-07,월간,전체,18,신이랑 법률사무소
2026-05-07,월간,전체,19,구기동 프렌즈
2026-05-07,월간,전체,20,란 12.3
2026-05-07,월간,전체,21,하트시그널5
2026-05-07,월간,전체,22,짱구
2026-05-07,월간,전체,23,히든싱어8
2026-05-07,월간,전체,24,오늘도 매진했습니다
2026-05-07,월간,전체,25,내 이름은
2026-05-07,월간,전체,26,사냥개들 2
2026-05-07,월간,전체,27,클라이맥스
2026-05-07,월간,전체,28,사냥개들
2026-05-07,월간,전체,29,선재 업고 튀어
2026-05-07,월간,전체,30,순수의 시대
2026-05-07,월간,전체,31,리 크로닌의 미이라
2026-05-07,월간,전체,32,유미의 세포들 시즌 3
2026-05-07,월간,전체,33,대한민국에서 건물주 되는 법
2026-05-07,월간,전체,34,휴민트
2026-05-07,월간,전체,35,히든 페이스
2026-05-07,월간,전체,36,끝장수사
2026-05-07,월간,전체,37,옥을 찾아서
2026-05-07,월간,전체,38,메이드 인 코리아
2026-05-07,월간,전체,39,바람
2026-05-07,월간,전체,40,약한영웅 Class 1
2026-05-07,월간,전체,41,리버스
2026-05-07,월간,전체,42,유미의 세포들 시즌 2
2026-05-07,월간,전체,43,메소드연기
2026-05-07,월간,전체,44,폭싹 속았수다
2026-05-07,월간,전체,45,악마는 프라다를 입는다
2026-05-07,월간,전체,46,베팅 온 팩트
2026-05-07,월간,전체,47,성난 사람들
2026-05-07,월간,전체,48,만약에 우리
2026-05-07,월간,전체,49,악마는 프라다를 입는다 2
2026-05-07,월간,전체,50,월린기기
2026-05-07,월간,전체,51,성난 사람들 시즌 2
2026-05-07,월간,전체,52,스래시: 상어의 습격
2026-05-07,월간,전체,53,침묵의 친구
2026-05-07,월간,전체,54,백월범성
2026-05-07,월간,전체,55,꽝소시효
2026-05-07,월간,전체,56,열여덟 청춘
2026-05-07,월간,전체,57,마스크걸
2026-05-07,월간,전체,58,LTNS
2026-05-07,월간,전체,59,롱 베케이션
2026-05-07,월간,전체,60,하우스메이드
2026-05-07,월간,전체,61,신의 악단
2026-05-07,월간,전체,62,입청운
2026-05-07,월간,전체,63,소녀심판
2026-05-07,월간,전체,64,운명전쟁49
2026-05-07,월간,전체,65,아바타: 불과 재
2026-05-07,월간,전체,66,내사랑 금지옥엽
2026-05-07,월간,전체,67,리처 시즌 1
2026-05-07,월간,전체,68,앵도호박
2026-05-07,월간,전체,69,영안여몽
2026-05-07,월간,전체,70,연애기숙학교 돌싱N모솔
2026-05-07,월간,전체,71,난홍
2026-05-07,월간,전체,72,르누아르
2026-05-07,월간,전체,73,무빙
2026-05-07,월간,전체,74,도화년
2026-05-07,월간,전체,75,세계의 주인
2026-05-07,월간,전체,76,장해전
2026-05-07,월간,전체,77,해무
2026-05-07,월간,전체,78,트와일라잇
2026-05-07,월간,전체,79,운지우
2026-05-07,월간,전체,80,더 보이즈 시즌 5
2026-05-07,월간,전체,81,은교
2026-05-07,월간,전체,82,1980 사북
2026-05-07,월간,전체,83,1승
2026-05-07,월간,전체,84,유미의 세포들 시즌 1
2026-05-07,월간,전체,85,왓 라이즈 비니스
2026-05-07,월간,전체,86,창란결
2026-05-07,월간,전체,87,야당
2026-05-07,월간,전체,88,애니: 널 사랑해
2026-05-07,월간,전체,89,일소수가
2026-05-07,월간,전체,90,흙으로 빚은 아이
2026-05-07,월간,전체,91,이토록 친밀한 배신자
2026-05-07,월간,전체,92,F1 더 무비
2026-05-07,월간,전체,93,괜찮아 괜찮아 괜찮아!
2026-05-07,월간,전체,94,판타G스팟
2026-05-07,월간,전체,95,변론을 시작하겠습니다
2026-05-07,월간,전체,96,마지막 야구 경기
2026-05-07,월간,전체,97,쿠조의 대죄
2026-05-07,월간,전체,98,레디 오어 낫 2
2026-05-07,월간,전체,99,긴키 지방의 어느 장소에 대하여
2026-05-07,월간,전체,100,돌이킬 수 없는
2026-05-11,일간,전체,1,넷플릭스
2026-05-11,일간,전체,2,티빙
2026-05-11,일간,전체,3,쿠팡플레이
2026-05-11,일간,전체,4,웨이브
2026-05-11,일간,전체,5,디즈니+
2026-05-11,일간,전체,6,왓챠
2026-05-11,일간,전체,7,박스오피스
2026-05-11,일간,전체,8,멋진 신세계
2026-05-11,일간,전체,9,21세기 대군부인
2026-05-11,일간,전체,10,은밀한 감사
2026-05-11,일간,전체,11,기리고
2026-05-11,일간,전체,12,영화관
2026-05-11,일간,전체,13,왕과 사는 남자
2026-05-11,일간,전체,14,살목지
2026-05-11,일간,전체,15,모두가 자신의 무가치함과 싸우고 있다
2026-05-11,일간,전체,16,골드랜드
2026-05-11,일간,전체,17,악마는 프라다를 입는다 2
2026-05-11,일간,전체,18,허수아비
2026-05-11,일간,전체,19,군체
2026-05-11,일간,전체,20,프로젝트 헤일메리
2026-05-11,일간,전체,21,짱구
2026-05-11,일간,전체,22,슈퍼 마리오 갤럭시
2026-05-11,일간,전체,23,만약에 우리
2026-05-11,일간,전체,24,마이클
2026-05-11,일간,전체,25,세계의 주인
2026-05-11,일간,전체,26,오늘도 매진했습니다
2026-05-11,일간,전체,27,아노라
2026-05-11,일간,전체,28,지옥에 떨어집니다
2026-05-11,일간,전체,29,친애하는 나의 킬러
2026-05-11,일간,전체,30,약한영웅 Class 1
2026-05-11,일간,전체,31,란 12.3
2026-05-11,일간,전체,32,소녀심판
2026-05-11,일간,전체,33,히든싱어8
2026-05-11,일간,전체,34,사냥개들 2
2026-05-11,일간,전체,35,바람
2026-05-11,일간,전체,36,악마는 프라다를 입는다
2026-05-11,일간,전체,37,메이드 인 코리아
2026-05-11,일간,전체,38,구기동 프렌즈
2026-05-11,일간,전체,39,선재 업고 튀어
2026-05-11,일간,전체,40,신이랑 법률사무소
2026-05-11,일간,전체,41,하트시그널5
2026-05-11,일간,전체,42,레이디 두아
2026-05-11,일간,전체,43,올 그린스
2026-05-11,일간,전체,44,리버스
2026-05-11,일간,전체,45,비스트
2026-05-11,일간,전체,46,봉주르빵집
2026-05-11,일간,전체,47,폭싹 속았수다
2026-05-11,일간,전체,48,세이레
2026-05-11,일간,전체,49,직장상사 길들이기
2026-05-11,일간,전체,50,원더풀스
2026-05-11,일간,전체,51,사냥개들
2026-05-11,일간,전체,52,NEW
2026-05-11,일간,전체,53,핸섬가이즈
2026-05-11,일간,전체,54,레인메이커
2026-05-11,일간,전체,55,닥터신
2026-05-11,일간,전체,56,나를 기억해
2026-05-11,일간,전체,57,범죄도시
2026-05-11,일간,전체,58,언내추럴
2026-05-11,일간,전체,59,넘버원
2026-05-11,일간,전체,60,베팅 온 팩트
2026-05-11,일간,전체,61,범죄도시4
2026-05-11,일간,전체,62,모탈 컴뱃
2026-05-11,일간,전체,63,히든 페이스
2026-05-11,일간,전체,64,동화지만 청불입니다
2026-05-11,일간,전체,65,SNL 코리아 시즌 8
2026-05-11,일간,전체,66,하우스메이드
2026-05-11,일간,전체,67,더 페이블
2026-05-11,일간,전체,68,좀비 서바이벌 가이드
2026-05-11,일간,전체,69,빌리 엘리어트
2026-05-11,일간,전체,70,호퍼스
2026-05-11,일간,전체,71,슈퍼 마리오 브라더스
2026-05-11,일간,전체,72,백번의 추억
2026-05-11,일간,전체,73,정점
2026-05-11,일간,전체,74,옥을 찾아서
2026-05-11,일간,전체,75,가족계획
2026-05-11,일간,전체,76,F1 더 무비
2026-05-11,일간,전체,77,아바타: 불과 재
2026-05-11,일간,전체,78,끝장수사
2026-05-11,일간,전체,79,롱 샷
2026-05-11,일간,전체,80,프리 가이
2026-05-11,일간,전체,81,매직키드 마수리
2026-05-11,일간,전체,82,신의 악단
2026-05-11,일간,전체,83,메가마인드
2026-05-11,일간,전체,84,유미의 세포들 시즌 3
2026-05-11,일간,전체,85,차라리 죽여
2026-05-11,일간,전체,86,인비테이션
2026-05-11,일간,전체,87,쉘터
2026-05-11,일간,전체,88,맨 온 파이어
2026-05-11,일간,전체,89,아쿠아리움이 문을 닫으면
2026-05-11,일간,전체,90,내일의 전쟁
2026-05-11,일간,전체,91,미 비포 유
2026-05-11,일간,전체,92,극장판 귀멸의 칼날: 무한성편
2026-05-11,일간,전체,93,올빼미
2026-05-11,일간,전체,94,쌍궤
2026-05-11,일간,전체,95,왕이 된 남자
2026-05-11,일간,전체,96,이공삼칠
2026-05-11,일간,전체,97,퍼펙트 게임
2026-05-11,일간,전체,98,바벨
2026-05-11,일간,전체,99,아모르 파티
2026-05-11,일간,전체,100,뒤바뀐 친구들의 신비한 모험
2026-05-11,주간,전체,1,넷플릭스
2026-05-11,주간,전체,2,티빙
2026-05-11,주간,전체,3,쿠팡플레이
2026-05-11,주간,전체,4,웨이브
2026-05-11,주간,전체,5,디즈니+
2026-05-11,주간,전체,6,왓챠
2026-05-11,주간,전체,7,박스오피스
2026-05-11,주간,전체,8,영화관
2026-05-11,주간,전체,9,살목지
2026-05-11,주간,전체,10,21세기 대군부인
2026-05-11,주간,전체,11,허수아비
2026-05-11,주간,전체,12,NEW
2026-05-11,주간,전체,13,멋진 신세계
2026-05-11,주간,전체,14,기리고
2026-05-11,주간,전체,15,왕과 사는 남자
2026-05-11,주간,전체,16,은밀한 감사
2026-05-11,주간,전체,17,골드랜드
2026-05-11,주간,전체,18,악마는 프라다를 입는다 2
2026-05-11,주간,전체,19,모두가 자신의 무가치함과 싸우고 있다
2026-05-11,주간,전체,20,짱구
2026-05-11,주간,전체,21,프로젝트 헤일메리
2026-05-11,주간,전체,22,슈퍼 마리오 갤럭시
2026-05-11,주간,전체,23,군체
2026-05-11,주간,전체,24,오늘도 매진했습니다
2026-05-11,주간,전체,25,히든싱어8
2026-05-11,주간,전체,26,닥터신
2026-05-11,주간,전체,27,세계의 주인
2026-05-11,주간,전체,28,지옥에 떨어집니다
2026-05-11,주간,전체,29,만약에 우리
2026-05-11,주간,전체,30,하트시그널5
2026-05-11,주간,전체,31,란 12.3
2026-05-11,주간,전체,32,신이랑 법률사무소
2026-05-11,주간,전체,33,메이드 인 코리아
2026-05-11,주간,전체,34,비스트
2026-05-11,주간,전체,35,바람
2026-05-11,주간,전체,36,선재 업고 튀어
2026-05-11,주간,전체,37,마이클
2026-05-11,주간,전체,38,악마는 프라다를 입는다
2026-05-11,주간,전체,39,약한영웅 Class 1
2026-05-11,주간,전체,40,사냥개들 2
2026-05-11,주간,전체,41,올 그린스
2026-05-11,주간,전체,42,레이디 두아
2026-05-11,주간,전체,43,원더풀스
2026-05-11,주간,전체,44,소녀심판
2026-05-11,주간,전체,45,폭싹 속았수다
2026-05-11,주간,전체,46,유미의 세포들 시즌 3
2026-05-11,주간,전체,47,아노라
2026-05-11,주간,전체,48,베팅 온 팩트
2026-05-11,주간,전체,49,범죄도시
2026-05-11,주간,전체,50,구기동 프렌즈
2026-05-11,주간,전체,51,유미의 세포들 시즌 2
2026-05-11,주간,전체,52,리버스
2026-05-11,주간,전체,53,사냥개들
2026-05-11,주간,전체,54,친애하는 나의 킬러
2026-05-11,주간,전체,55,나의 해리에게
2026-05-11,주간,전체,56,옥을 찾아서
2026-05-11,주간,전체,57,하우스메이드
2026-05-11,주간,전체,58,히든 페이스
2026-05-11,주간,전체,59,호퍼스
2026-05-11,주간,전체,60,직장상사 길들이기
2026-05-11,주간,전체,61,범죄도시4
2026-05-11,주간,전체,62,슈퍼 마리오 브라더스
2026-05-11,주간,전체,63,맨 온 파이어
2026-05-11,주간,전체,64,정점
2026-05-11,주간,전체,65,매직키드 마수리
2026-05-11,주간,전체,66,모탈 컴뱃
2026-05-11,주간,전체,67,메소드연기
2026-05-11,주간,전체,68,롱 샷
2026-05-11,주간,전체,69,빌리 엘리어트
2026-05-11,주간,전체,70,봉주르빵집
2026-05-11,주간,전체,71,기생춘
2026-05-11,주간,전체,72,넘버원
2026-05-11,주간,전체,73,신의 악단
2026-05-11,주간,전체,74,내 이름은
2026-05-11,주간,전체,75,휴민트
2026-05-11,주간,전체,76,프로젝트 Y
2026-05-11,주간,전체,77,언내추럴
2026-05-11,주간,전체,78,아바타: 불과 재
2026-05-11,주간,전체,79,끝장수사
2026-05-11,주간,전체,80,F1 더 무비
2026-05-11,주간,전체,81,메가마인드
2026-05-11,주간,전체,82,가족계획
2026-05-11,주간,전체,83,노트북
2026-05-11,주간,전체,84,28년 후
2026-05-11,주간,전체,85,당신이 죽였다
2026-05-11,주간,전체,86,은중과 상연
2026-05-11,주간,전체,87,SNL 코리아 시즌 8
2026-05-11,주간,전체,88,포풍추영
2026-05-11,주간,전체,89,노 머시: 90분
2026-05-11,주간,전체,90,내 딸 꽃님이
2026-05-11,주간,전체,91,더 보이즈 시즌 5
2026-05-11,주간,전체,92,고깔모자 아틀리에
2026-05-11,주간,전체,93,꽃보다 청춘 : 리미티드 에디션
2026-05-11,주간,전체,94,내 새끼의 연애2
2026-05-11,주간,전체,95,28년 후: 뼈의 사원
2026-05-11,주간,전체,96,핸섬가이즈
2026-05-11,주간,전체,97,클라이맥스
2026-05-11,주간,전체,98,차라리 죽여
2026-05-11,주간,전체,99,최종병기 앨리스
2026-05-11,주간,전체,100,세이레
2026-05-11,월간,전체,1,넷플릭스
2026-05-11,월간,전체,2,티빙
2026-05-11,월간,전체,3,쿠팡플레이
2026-05-11,월간,전체,4,웨이브
2026-05-11,월간,전체,5,디즈니+
2026-05-11,월간,전체,6,왓챠
2026-05-11,월간,전체,7,박스오피스
2026-05-11,월간,전체,8,NEW
2026-05-11,월간,전체,9,허수아비
2026-05-11,월간,전체,10,영화관
2026-05-11,월간,전체,11,살목지
2026-05-11,월간,전체,12,21세기 대군부인
2026-05-11,월간,전체,13,왕과 사는 남자
2026-05-11,월간,전체,14,모두가 자신의 무가치함과 싸우고 있다
2026-05-11,월간,전체,15,닥터신
2026-05-11,월간,전체,16,프로젝트 헤일메리
2026-05-11,월간,전체,17,프로젝트 Y
2026-05-11,월간,전체,18,신이랑 법률사무소
2026-05-11,월간,전체,19,구기동 프렌즈
2026-05-11,월간,전체,20,란 12.3
2026-05-11,월간,전체,21,하트시그널5
2026-05-11,월간,전체,22,짱구
2026-05-11,월간,전체,23,히든싱어8
2026-05-11,월간,전체,24,오늘도 매진했습니다
2026-05-11,월간,전체,25,내 이름은
2026-05-11,월간,전체,26,사냥개들 2
2026-05-11,월간,전체,27,클라이맥스
2026-05-11,월간,전체,28,사냥개들
2026-05-11,월간,전체,29,선재 업고 튀어
2026-05-11,월간,전체,30,순수의 시대
2026-05-11,월간,전체,31,리 크로닌의 미이라
2026-05-11,월간,전체,32,유미의 세포들 시즌 3
2026-05-11,월간,전체,33,대한민국에서 건물주 되는 법
2026-05-11,월간,전체,34,휴민트
2026-05-11,월간,전체,35,히든 페이스
2026-05-11,월간,전체,36,끝장수사
2026-05-11,월간,전체,37,옥을 찾아서
2026-05-11,월간,전체,38,메이드 인 코리아
2026-05-11,월간,전체,39,바람
2026-05-11,월간,전체,40,약한영웅 Class 1
2026-05-11,월간,전체,41,리버스
2026-05-11,월간,전체,42,유미의 세포들 시즌 2
2026-05-11,월간,전체,43,메소드연기
2026-05-11,월간,전체,44,폭싹 속았수다
2026-05-11,월간,전체,45,악마는 프라다를 입는다
2026-05-11,월간,전체,46,베팅 온 팩트
2026-05-11,월간,전체,47,성난 사람들
2026-05-11,월간,전체,48,만약에 우리
2026-05-11,월간,전체,49,악마는 프라다를 입는다 2
2026-05-11,월간,전체,50,월린기기
2026-05-11,월간,전체,51,성난 사람들 시즌 2
2026-05-11,월간,전체,52,스래시: 상어의 습격
2026-05-11,월간,전체,53,침묵의 친구
2026-05-11,월간,전체,54,백월범성
2026-05-11,월간,전체,55,꽝소시효
2026-05-11,월간,전체,56,열여덟 청춘
2026-05-11,월간,전체,57,마스크걸
2026-05-11,월간,전체,58,LTNS
2026-05-11,월간,전체,59,롱 베케이션
2026-05-11,월간,전체,60,하우스메이드
2026-05-11,월간,전체,61,신의 악단
2026-05-11,월간,전체,62,입청운
2026-05-11,월간,전체,63,소녀심판
2026-05-11,월간,전체,64,운명전쟁49
2026-05-11,월간,전체,65,아바타: 불과 재
2026-05-11,월간,전체,66,내사랑 금지옥엽
2026-05-11,월간,전체,67,리처 시즌 1
2026-05-11,월간,전체,68,앵도호박
2026-05-11,월간,전체,69,영안여몽
2026-05-11,월간,전체,70,연애기숙학교 돌싱N모솔
2026-05-11,월간,전체,71,난홍
2026-05-11,월간,전체,72,르누아르
2026-05-11,월간,전체,73,무빙
2026-05-11,월간,전체,74,도화년
2026-05-11,월간,전체,75,세계의 주인
2026-05-11,월간,전체,76,장해전
2026-05-11,월간,전체,77,해무
2026-05-11,월간,전체,78,트와일라잇
2026-05-11,월간,전체,79,운지우
2026-05-11,월간,전체,80,더 보이즈 시즌 5
2026-05-11,월간,전체,81,은교
2026-05-11,월간,전체,82,1980 사북
2026-05-11,월간,전체,83,1승
2026-05-11,월간,전체,84,유미의 세포들 시즌 1
2026-05-11,월간,전체,85,왓 라이즈 비니스
2026-05-11,월간,전체,86,창란결
2026-05-11,월간,전체,87,야당
2026-05-11,월간,전체,88,애니: 널 사랑해
2026-05-11,월간,전체,89,일소수가
2026-05-11,월간,전체,90,흙으로 빚은 아이
2026-05-11,월간,전체,91,이토록 친밀한 배신자
2026-05-11,월간,전체,92,F1 더 무비
2026-05-11,월간,전체,93,괜찮아 괜찮아 괜찮아!
2026-05-11,월간,전체,94,판타G스팟
2026-05-11,월간,전체,95,변론을 시작하겠습니다
2026-05-11,월간,전체,96,마지막 야구 경기
2026-05-11,월간,전체,97,쿠조의 대죄
2026-05-11,월간,전체,98,레디 오어 낫 2
2026-05-11,월간,전체,99,긴키 지방의 어느 장소에 대하여
2026-05-11,월간,전체,100,돌이킬 수 없는
